activity-title,location,ZIP,rating,rating-count
Séjour gourmand pour 2 à La Ferme Dagué à Lasseube (64) ,Lasseube,64,4,6
Séjour gourmand pour 2 dans un Village de Yourtes à Plessix-Balisson (22) ,Plessix-Balisson,22,4,96
Séjour à 2 au domaine des Vignères à Saint-Maurice-de-Tavernole (17) ,Saint-Maurice-de-Tavernole,17,4,17
Séjour gourmand pour 2 au Camping Pré Fixe à Cassagnabère-Tournas (31) ,Cassagnabère-Tournas,31,4,18
Séjour gourmand sous yourte pour 2 au DéfiPlanet' à Dienné (86) ,Dienné,86,4,68
Séjour gourmand pour 2 à La Pâquerette à Sarrians (84) ,Sarrians,84,4,12
Séjour en cabane pour 2 au Moulin de Bray près de Rennes (35) ,Rennes,35,4,16
Séjour gourmand pour 2 à la Rando Yourte à Paluel (76) ,Paluel,76,4,100
Séjour gourmand pour 2 à La Ferme Le Merger à Choisy-en-Brie (77) ,Choisy-en-Brie,77,4,2
Séjour gourmand pour 2 au Logis Déritel à Montsûrs (53) ,Montsûrs,53,4,18
Séjour gourmand en roulotte pour 2 à la Bastide de Montchamp à Malataverne(26) ,à,26,3,4
Séjour gourmand pour 2 Au Pied du Truc à Grèzes (48) ,Grèzes,48,4,8
Séjour gourmand sous yourte au Domaine des Grandes Côtes à Target (03) ,Target,03,4,20
Séjour en yourte à la Ferme pédagogique de l'Oiselet à Sarrians (84) ,Sarrians,84,4,81
Séjour gourmand pour 2 au gîte Les Cigales à Villafans (70) ,Villafans,70,4,55
Séjour gourmand pour 2 à La Ferme Saint-Antoine à Monlet (43) ,Monlet,43,4,18
Séjour gourmand pour 2 à La Halte du Pèlerin à Thorigny (85) ,Thorigny,85,4,38
Séjour gourmand pour 2 au Viala à Rayssac (81) ,Rayssac,81,4,24
Séjour gourmand pour 2 dans La Grange de Georges à Lay- Lamidou (64) ,Lamidou,64,4,38
Séjour Gourmand pour 2 en campagne au Vau-Nogues à Pleudihen-sur-Rance (22) ,Pleudihen-sur-Rance,22,4,32
Séjour gourmand pour 2 à La Bussinière à Feurs (42) ,Feurs,42,4,26
Séjour gourmand pour 2 au Moulin la Papeterie à Tence (43) ,Tence,43,4,28
Séjour gourmand pour 2 au Neptune à Binic (22) ,Binic,22,n.a.,0
Séjour gourmand pour 2 à la Ferme des Prés à Neuilly-en-Sancerre  (18) ,Neuilly-en-Sancerre,18,n.a.,0
Séjour gourmand pour 2 aux Chambres de la Lacquette à Liettres (62) ,Liettres,62,5,2
Séjour en yourte pour 2 à Au Coeur des Prés à Pierrefitte-és-Bois (45) ,Pierrefitte-és-Bois,45,4,9
Séjour gourmand pour 2 au Védaquais*** à Vaas (72) ,Vaas,72,3,41
Séjour gourmand pour 2 à La Maison Bleue à Dieffenbach-au-Val (67) ,Dieffenbach-au-Val,67,4,6
Séjour gourmand pour 2 à L'En Haut des Vignes à Mérignac (16) ,Mérignac,16,4,21
Séjour pour 2 à la Ferme les Canards de la Germaine à Sancourt (80) ,Sancourt,80,4,2
Séjour gourmand pour 2 en ancienne ferme Les hauts de Brèges à Nyoiseau (49) ,Nyoiseau,49,4,43
Séjour gourmand pour 2 aux Terres du Thil à Canehan (76) ,Canehan,76,4,12
Séjour à l'Hôtel Résidence Villa Casa Blanca à Lamalou-les-bains (34) ,Lamalou-les-bains,34,n.a.,0
Séjour pour 2 à la Ferme Auberge des Pirodelles à Augy-sur-Aubois (18) ,Augy-sur-Aubois,18,4,14
Séjour gourmand pour 2 à La Charmante à Rasey-Xertigny (88) ,Rasey-Xertigny,88,4,28
Séjour pour 2 à La Filonnière à Saint-Germain-le-Fouilloux (53) ,Saint-Germain-le-Fouilloux,53,4,15
Séjour Gourmand pour 2 à la Fleur de sel à Roz-sur-Couesnon (35) ,Roz-sur-Couesnon,35,4,16
Séjour gourmand pour 2 aux Grivottes à Boulleret (18) ,Boulleret,18,4,34
Séjour gourmand pour 2 Au Charme d'Antan à Autry-le-Châtel (45) ,Autry-le-Châtel,45,4,35
Séjour en kota-grill Aux Logis de la Solre à Ferrière La Petite (59) ,Petite,59,4,2
Séjour gourmand pour 2 en maison d'hôtes à La Rivagère à Jaulnay (37) ,Jaulnay,37,4,31
Séjour gourmand pour 2 à la ferme Masvignier au Grand-Bourg (23) ,Grand-Bourg,23,3,5
Séjour Gourmand à 2 à la ferme au Bourg à Saint-Marc-à-Frongier (23) ,Saint-Marc-à-Frongier,23,3,12
Séjour gourmand pour 2 en coteau à Encatello à L'Isle-en-Dodon (31) ,L'Isle-en-Dodon,31,4,10
Séjour gourmand pour 2 à la Maison de la Lime à Yviers (16) ,Yviers,16,4,8
Séjour Gourmand à 2 en Sologne à L’Accueil Amicalme à Mery-Es-Bois (18) ,Mery-Es-Bois,18,4,12
Séjour gourmand pour 2 aux Santolines à Cuxac-Cabardès (11) ,Cuxac-Cabardès,11,4,69
Séjour gourmand pour 2 à Airial des Guilises à Poudenx (40) ,Poudenx,40,4,46
Séjour gourmand pour 2 aux chambres d'hôtes de Chaumeil à Neuvic (19) ,Neuvic,19,3,26
Séjour gourmand pour 2 à La Maurinie à Eyliac (24) ,Eyliac,24,3,44
Séjour gourmand pour 2 au Logis de la Grange à Marcillac-Lanville (16) ,Marcillac-Lanville,16,4,12
Séjour gourmand pour 2 à la Ferme de la Gortière au Teilleul (50) ,Teilleul,50,3,17
Séjour gourmand pour 2 aux Collines de Touret à La Genetouze (17) ,Genetouze,17,4,27
Séjour Gourmand pour 2 à La Forge de Clermont à Clermont (40) ,Clermont,40,4,32
Séjour gourmand pour 2 en chambre d'hôtes Cladet à Vergt-de-Biron (24) ,Vergt-de-Biron,24,3,30
Séjour gourmand pour 2 La Ribeyrette à Chamborigaud (30) ,Chamborigaud,30,4,26
Séjour Gourmand pour 2 aux Quatre Saisons à Martinvelle (88) ,Martinvelle,88,4,10
La Ferme de Pierrot à St-Pal-de-Chalencon (43) ,St-Pal-de-Chalencon,43,4,14
Séjour gourmand pour 2 à la Magnanerie du Serre à Saint-Hilaire-de-Lavit (48) ,Saint-Hilaire-de-Lavit,48,4,30
Séjour gourmand pour 2 à La Méridienne à Venterol (05) ,Venterol,05,4,6
Séjour gourmand pour 2 au Moulin de Montferney à Rougemont (25) ,Rougemont,25,3,12
Séjour gourmand pour 2 à l'Auberge Le Cantou*** à Orcival (63) ,Orcival,63,4,128
Séjour gourmand à 2 au Camping Mille Étoiles** à Labastide-de-Virac (07) ,Labastide-de-Virac,07,3,4
Séjour gourmand pour 2 à la table d'hôtes Le clos du chêne à Langon (35) ,Langon,35,4,41
Séjour gourmand pour 2 aux Tilleuls de la Voie Verte à Feugarolles (47) ,Feugarolles,47,3,42
Séjour gourmand pour 2 au Ti-Er-Mad à Kernascléden (56) ,Kernascléden,56,4,30
Séjour gourmand à l'Eyrieux Camping**** Les Ollières-sur-Eyrieux (07) ,Ollières-sur-Eyrieux,07,4,4
Séjour gourmand en écolodge pour 2 au Camping du Pont de Braye à Chastanier (48) ,Chastanier,48,4,4
Séjour gourmand pour 2 au Puits Fortifié à Salives (21) ,Salives,21,4,26
Séjour gourmand pour 2 à La Couture à Saint-Aubin-le-Cloud (79) ,Saint-Aubin-le-Cloud,79,3,22
Séjour sous yourte pour 2 au Camping du Pont de Braye à Chastanier (48) ,Chastanier,48,4,8
Séjour Gourmand pour 2 au Gîte de l’Agora à Nonsard (55) ,Nonsard,55,4,8
Séjour gourmand pour 2 au Jardin de Rose à Romagne (86) ,Romagne,86,4,18
Séjour gourmand pour 2 au Domaine Capiet à Courpiac (33) ,Courpiac,33,3,4
Séjour gourmand pour 2 chez Vue sur Vert à Saint-André-de-Najac (12) ,Saint-André-de-Najac,12,4,20
Séjour gourmand pour 2 à L'Orangerie à Longny-au-Perche (61) ,Longny-au-Perche,61,4,26
Séjour gourmand pour 2 à La Maison de la Fontaine à Bény-Bocage (14) ,Bény-Bocage,14,4,33
Séjour gourmand sous yourte pour 2 à Valanyourte à Valanjou (49) ,Valanjou,49,4,61
Séjour gourmand pour 2 à La Jolimessine à Jolimetz (59) ,Jolimetz,59,3,12
Séjour gourmand pour 2 au Clos des Mousquetaires à Laas (32) ,Laas,32,4,24
Séjour gourmand pour 2 au Sabathé à Saint-Méezard (32) ,Saint-Méezard,32,n.a.,0
Séjour Gourmand pour 2 à La Bégaudière au Mont-Dol (35) ,Mont-Dol,35,4,15
Séjour gourmand pour 2 à Les Puits à Pulversheim (68) ,Pulversheim,68,4,28
Séjour en tipi à 2 au Camping de Langâtre à Saint-Gildas-des-Bois (44) ,Saint-Gildas-des-Bois,44,n.a.,0
Séjour gourmand pour 2 à La Poussardière à Mouzeuil-Saint-Martin (85) ,Mouzeuil-Saint-Martin,85,4,42
Séjour gourmand pour 2 chez Loar Gann à Plogastel Saint-Germain (29) ,Saint-Germain,29,4,20
Séjour gourmand pour 2 aux Moynes à Saint-Simon (46) ,Saint-Simon,46,4,14
Séjour gourmand pour 2 à l'Auberge du Parc à Baudricourt (88) ,Baudricourt,88,4,5
Séjour gourmand pour 2 à la Ferme du Gendre à Lavaurette (82) ,Lavaurette,82,4,9
Séjour gourmand pour 2 aux Au Mas Cévenol à Chambon (30) ,Chambon,30,4,28
Séjour gourmand pour 2 au Petit Chalet du Vernon à La Chapelotte (18) ,Chapelotte,18,4,24
Séjour Gourmand pour 2 au Château d’Espalungue à Dognen (64) ,Dognen,64,3,18
Nuit sous yourte pour 2 à la Bastide de Montchamp à Malataverne (26) ,Malataverne,26,4,10
Séjour gourmand pour 2 au Bois de Crépi à Poilley (50) ,Poilley,50,4,20
Séjour gourmand pour 2 dans une yourte à La Maison de Vérotte à Claira (66) ,Claira,66,3,22
Séjour pour 2 à Là-Haut sur la Montagne à Saint-André-La-Côte (69) ,Saint-André-La-Côte,69,4,35
Séjour gourmand pour 2 à La Longère du Parc à Noyers-sur-Cher (41) ,Noyers-sur-Cher,41,3,20
Séjour gourmand pour 2 aux Écuries de Céüze à Sigoyer (05) ,Sigoyer,05,4,8
Séjour gourmand pour 2 aux Roses Trémières à St-André-de-Rosans (05) ,St-André-de-Rosans,05,4,10
Séjour gourmand en yourte pour 2 au Mas des Fées à Dauphin (04) ,Dauphin,04,4,197
Séjour gourmand pour 2 chez Un Ange Passe à Le Buisson-de-Cadouin (24) ,Buisson-de-Cadouin,24,4,34
Séjour gourmand pour 2 à L'Enclos de la Brétignière à Ferrière-sur-Beaulieu (37) ,Ferrière-sur-Beaulieu,37,3,12
Séjour Gourmand pour 2 à la Maison Ganderats à Came (64) ,Came,64,3,4
Séjour gourmand pour 2 aux chambres d'hôtes Gitamiglos à Miglos (09) ,Miglos,09,4,51
Séjour gourmand pour 2 à Les Roses de Montherlant à Montherlant (60) ,Montherlant,60,4,73
Séjour gourmand pour 2 au Ciel d'Ardèche à Lachamp-Raphaël (07) ,Lachamp-Raphaël,07,4,36
Séjour gourmand pour 2 au Clos Saint-Fiacre à Carentoir (56) ,Carentoir,56,4,86
Séjour gourmand pour 2 à La Grange Aux Loups à Queige (73) ,Queige,73,5,34
Séjour Gourmand pour 2 au gîte Le Jardin d’Hélant à Ecquedecques (62) ,Ecquedecques,62,4,2
Séjour gourmand pour 2 à la ferme La Gautraie à Saint-James (50) ,Saint-James,50,3,78
Posada Torre-Palacio de los Alvarado ,los,n.a.,n.a.,0
Séjour gourmand pour 2 Aux Trois Fontaines à Eynesse (33) ,Eynesse,33,4,8
Séjour gourmand pour 2 chez Topaze à Monnières (44) ,Monnières,44,4,34
Séjour gourmand pour 2 à Beauregard à Neuvicq (17) ,Neuvicq,17,4,10
Séjour Gourmand pour 2 à La Roche Bleue à Saint-Bois (01) ,Saint-Bois,01,5,2
Séjour gourmand pour 2 chez Agriturismo Fasano à Cassano Murge (Italie) ,Murge,n.a.,n.a.,0
Séjour gourmand pour 2 au Moulin de la Côte à Saint-Vigor (27) ,Saint-Vigor,27,n.a.,0
Séjour gourmand pour 2 à La Villa di Pa' à Villadeati (Italie) ,Villadeati,n.a.,n.a.,0
Séjour gourmand pour 2 chez Entre Étang et Mer à La Malhoure (22) ,Malhoure,22,n.a.,0
Séjour gourmand pour 2 à l'Hôtel Astoria Vatican à Lourdes (65) ,Lourdes,65,n.a.,0
Séjour gourmand pour 2 à l'Hôtel de France à Vatan (36) ,Vatan,36,n.a.,0
Séjour gourmand pour 2 au Logis de Taschet à Blanzac-Porcheresse (16) ,Blanzac-Porcheresse,16,n.a.,0
Séjour gourmand à La Grange de Saint-Hilaire à Saint-Hilaire-sur-Helpe (59) ,Saint-Hilaire-sur-Helpe,59,n.a.,0
Posada Torre-Palacio de los Alvarado ,los,n.a.,n.a.,0
Posada Torre-Palacio de los Alvarado ,los,n.a.,n.a.,0
Séjour gourmand pour 2 à La Closeraie à Champagné-les-Marais (85) ,Champagné-les-Marais,85,n.a.,0
Séjour gourmand pour 2 à la Ferme des Cévennes à La Salle-Punet (48) ,Salle-Punet,48,4,6
Séjour gourmand pour 2 à La Buissonnière à Saint-Vincent (43) ,Saint-Vincent,43,n.a.,0
Séjour en roulotte à l'Écrin du Ségala à Tauriac-de-Naucelle (12) ,Tauriac-de-Naucelle,12,n.a.,0
Séjour gourmand en gîte au Fanchon des Sablons à Sarrians (84) ,Sarrians,84,n.a.,0
Séjour gourmand chez Yourta07 à Borée (07) ,Borée,07,n.a.,0
Séjour gourmand à la maison d'hôtes Chouet à Audon (40) ,Audon,40,5,12
Séjour gourmand pour 2 à La Chouette Étoilée à Auxon (10) ,Auxon,10,5,2
Séjour gourmand pour 2 à La maison du bonheur à Anlhiac (24) ,Anlhiac,24,n.a.,0
Séjour gourmand pour 2 à la Ferme de la Galoperie à Aublain (Namur) ,Aublain,n.a.,n.a.,0
Séjour gourmand pour deux à Le Grand Champ à Sirault (Hainaut) ,Sirault,n.a.,n.a.,0
Séjour gourmand pour 2 à La maison du bonheur à Anlhiac (24) ,Anlhiac,24,n.a.,0
Séjour au Village Toue du domaine des Demoiselles à Chassenard (03) ,Chassenard,03,n.a.,0
Séjour Gourmand pour 2 à la Ferme de Daunat à Escaunets (65) ,Escaunets,65,4,18
Séjour Gourmand pour 2 à La Ferme du Gorgin à Innimond (01) ,Innimond,01,4,24
Une nuit en mobil-home pour 2 au Camping la Buissière à Barjac (30) ,Barjac,30,n.a.,0
Séjour gourmand pour 2 à la Casa Rural Amanecer à Castañar de Ibor (Espagne) ,Ibor,n.a.,n.a.,0
Séjour pour 2 en cabane perchée au Camping Le Viaduc** à Arlebosc (07) ,Arlebosc,07,4,2
Séjour gourmand pour 2 au 'T Land van Bornem*** à Bornem (Anvers) ,Bornem,n.a.,n.a.,0
Séjour gourmand pour 2 à l'Ardennes Woods à Marche en Famenne (Luxembourg) ,Famenne,n.a.,n.a.,0
Une nuit en lodge pour 2 au Camping la Buissière à Barjac (30) ,Barjac,30,n.a.,0
Séjour gourmand pour 2 au Chalet des 2 Roches à Borée (07) ,Borée,07,3,10
Séjour gourmand à l'Hôtel Ibis Styles Dax Miradour*** à Dax (40) ,Dax,40,5,4
Séjour gourmand à l'hôtel Kyriad Orange*** à Orange (84) ,Orange,84,4,2
Séjour gourmand pour 2 au Rocca dei Marchesi à Sabbio Chiese (Italie) ,Chiese,n.a.,n.a.,0
Séjour gourmand pour 2 à l’Agriturismo Salinola à Ostuni (Italie) ,Ostuni,n.a.,n.a.,0
Séjour gourmand pour 2 à Art of dreams à Laakdal (Anvers) ,Laakdal,n.a.,n.a.,0
Séjour Gourmand pour 2 à An Ti Coz à Guillac (56) ,Guillac,56,4,10
Séjour gourmand pour 2 chez Traits'Anes à Mitzach (68) ,Mitzach,68,2,7
Séjour gourmand en fuste pour 2 au Chalet des 2 Roches à Borée (07) ,Borée,07,n.a.,0
Séjour gourmand pour 2 à l’Albergue Jaca à Jaca (Espagne) ,Jaca,n.a.,n.a.,0
Séjour gourmand pour 2 à l'Hotel Antiga*** à Calafell (Espagne) ,Calafell,n.a.,n.a.,0
Séjour gourmand pour 2 à la Posada La Plaza à Canillas de Albaida (Espagne) ,Albaida,n.a.,n.a.,0
Un séjour gourmand pour 2 à l'Albergo Ristorante Due Ragni*** (Italie) ,Ragni***,n.a.,n.a.,0
Séjour gourmand pour 2 au Riad Zehar à Marrakech (Maroc) ,Marrakech,n.a.,n.a.,0
Séjour gourmand pour 2 à la Posada La Gándara à Cobijón-Udías (Espagne) ,Cobijón-Udías,n.a.,n.a.,0
Séjour pour deux au Quinta Mallada à Torregamones (Espagne) ,Torregamones,n.a.,n.a.,0
Séjour pour 2 à l'Agriturismo San Fele à Cerchiara di Calabria (Italie) ,Calabria,n.a.,n.a.,0
Séjour gourmand pour deux au Gasthof De Statie à Wilderen (Limbourg) ,Wilderen,n.a.,n.a.,0
Séjour pour 2 à l'Agriturismo Casa ­Scola à Gragnano (Italie) ,Gragnano,n.a.,n.a.,0
Séjour gourmand pour 2 La Gabaye à Lapouyade (33) ,Lapouyade,33,4,6
Séjour gourmand pour 2 à l'Agriturismo Bio Oro di Berta à Portula (Italie) ,Portula,n.a.,n.a.,0
Séjour gastro pour deux à Het Pachthof à Borlo (Limbourg) ,Borlo,n.a.,n.a.,0
Séjour gourmand pour 2 au Castells de Lleida à Montsonis (Espagne) ,Montsonis,n.a.,n.a.,0
Séjour kota finlandais à l'Esprit du Nord à Vassieux-en-Vercors (26) ,Vassieux-en-Vercors,26,4,18
Un séjour gourmand à la Casa Rural Aguas Frías*** à León (Espagne) ,León,n.a.,n.a.,0
Séjour gourmand pour 2 à Posada Real La Vádima à Ledesma (Espagne) ,Ledesma,n.a.,n.a.,0
Séjour gourmand pour deux à l'Agriturismo Le Rose à Casamaggiore Castiglione del Lago (Italie) ,Lago,n.a.,n.a.,0
Séjour pour 2 à l'Agriturismo Pozzo Fiorito en Italie ,en,n.a.,n.a.,0
Séjour pour deux au Quinta Sâo Miguel de Arcos à Vila Do Conte (Portugal) ,Conte,n.a.,n.a.,0
Séjour gourmand pour 2 à la Casa Rural Rosalia à Trabadelo (Espagne) ,Trabadelo,n.a.,n.a.,0
Séjour pour deux à l'Agriturismo Il Montale à Canossa Mulazzo (Massa-Carrara - Italie) ,-,n.a.,4,2
Séjour gourmand pour 2 à la Complejo Puente Romano à Hermandad de Campoo de Suso (Espagne) ,Suso,n.a.,n.a.,0
Séjour à l'Agriturismo Pozzo Fiorito à Castiglione delle Stiviere (Espagne) ,Stiviere,n.a.,n.a.,0
Séjour à 2 au Casa Rural El Pati de la Laia à Benifairó de les Valls ,les,n.a.,n.a.,0
Séjour gourmand pour 2 à la Fonda Can Fasersia à La Pobla de Segur (Espagne) ,Segur,n.a.,n.a.,0
Séjour gourmand pour 2 à la Casa de Baixo à Saa (Espagne) ,Saa,n.a.,n.a.,0
Séjour gourmand à l'Agriturismo La Sorgente à Macchiagodena (Italie) ,Macchiagodena,n.a.,n.a.,0
Séjour pour 2 à l'Hotel Abbaidda*** à Valledoria ,à,n.a.,n.a.,0
Séjour gourmand pour 2 au Maset de les Talaveres à Montblanc (Espagne) ,Montblanc,n.a.,n.a.,0
Casa Rural Aloe Vera ,Aloe,n.a.,n.a.,0
Séjour gourmand pour 2 à La Vega del Zurrón à La Puebla de Almoradiel (Tolède) ,Almoradiel,n.a.,n.a.,0
Séjour gourmand pour deux à l'Alberguería del Camino à Mansilla de las Mulas (Espagne) ,Mulas,n.a.,n.a.,0
Séjour à La Casona de Doña Petra à Villarmentero de Campos (Espagne) ,Campos,n.a.,n.a.,0
Séjour pour 2 à la Cascina Falcone à Villanterio (Italie) ,Villanterio,n.a.,n.a.,0
Séjour gourmand pour 2 au Cortijo de Ramón à Cortijos Nuevos (Espagne) ,Nuevos,n.a.,n.a.,0
Séjour gourmand pour 2 à la Posada La Victoria à Cudon-Miengo (Espagne) ,Cudon-Miengo,n.a.,n.a.,0
Séjour pour 2 à l'Hotel Rural El Rexacu** à Bobia-de-Arriba (Espagne) ,Bobia-de-Arriba,n.a.,n.a.,0
Séjour gourmand pour 2 à la Casa San Ginés à Vila De Cruces (Espagne) ,Cruces,n.a.,n.a.,0
Séjour gourmand pour 2 à l'Agriturismo Carovane à Compiano (Italie) ,Compiano,n.a.,5,2
Séjour gourmand pour 2 à l'Agriturismo Fontechiara à Treia (Italie) ,Treia,n.a.,n.a.,0
Séjour gourmand pour 2 à la Casona de Treviño à Camaleño (Espagne) ,Camaleño,n.a.,n.a.,0
Hotel Rural La Casona de Espirdo ,de,n.a.,n.a.,0
Séjour pour 2 à l'Agriturismo ­La ­Vecchia Fontana à Penne (Italie) ,Penne,n.a.,n.a.,0
Un séjour gourmand pour 2 à La Rocca dei ­Malatesta** (Italie) ,­Malatesta**,n.a.,n.a.,0
Séjour gourmand pour 2 au Campanile Dinan Taden*** à Taden (22) ,Taden,22,3,9
"Séjour à l'Hotel Monasterio de San Francisco***, Palma de Rio (Espagne) ",Rio,n.a.,n.a.,0
Séjour gourmand pour deux au Bio-Agriturismo Olistico Valle dei Calanchi à Castiglione In Teverina (Italie) ,Teverina,n.a.,n.a.,0
Séjour gourmand pour deux à l'Agriturismo La Corte di Gerardo à Tonco (Asti - Italie) ,-,n.a.,n.a.,0
Séjour gourmand pour 2 à la Posada de La Abuela Fidela à Villanueva de los Infantes (Espagne) ,Infantes,n.a.,n.a.,0
Séjour gourmand 2 nuits pour 2 à la Casona de la Salceda*** à Treceño (Espagne) ,Treceño,n.a.,n.a.,0
Séjour gourmand pour deux à La Locanda del Ponte à Monticiano (Italie) ,Monticiano,n.a.,n.a.,0
Séjour pour deux à l'Hotel Monestir de les Avellanes à Os de Balaguer (Espagne) ,Balaguer,n.a.,5,2
Séjour gourmand pour 2 à Posada Rural La Trebede** à Perrozo (Espagne) ,Perrozo,n.a.,n.a.,0
Séjour gourmand pour 2 au Palacio de Orisoain**** à Orisoain (Espagne) ,Orisoain,n.a.,5,2
Séjour gourmand pour deux à l'Auberge Le Relais*** à Corbion-sur-Semois (Luxembourg) ,Corbion-sur-Semois,n.a.,4,2
Séjour gourmand pour deux à l'Agriturismo Villa Silvana à Parrano di Trevi (Italie) ,Trevi,n.a.,n.a.,0
Séjour gourmand pour deux à la Locanda Corte Dei Gelsi à Altedo (Italie) ,Altedo,n.a.,n.a.,0
Séjour au B&B Cinque Terre tra il Filo di Arianna à Riccò del Golfo ,del,n.a.,2,4
Séjour gourmand pour deux au Complejo Turistico Moli l'Abad à La Pobla de Benifassa (Espagne) ,Benifassa,n.a.,n.a.,0
Séjour pour deux à La Casona del Abuelo Parra à Villanueva de los Infantes (Espagne) ,Infantes,n.a.,n.a.,0
Séjour Gourmand pour 2 au Jardin d’Erables à Berné (56) ,Berné,56,4,10
Séjour pour 2 à La Trocha de Hoyorredondo à Hoyorredondo (Espagne) ,Hoyorredondo,n.a.,n.a.,0
Nuit en Chambres d'Hôtes des Croisettes à Campagne-lès-Boulonnais (62) ,Campagne-lès-Boulonnais,62,4,12
Séjour gourmand pour 2 à La Bonardière à Gevry (39) ,Gevry,39,3,28
Séjour gourmand pour 2 aux Chambres d'hôtes Poulafret à Paimpol (22) ,Paimpol,22,4,47
Séjour gourmand à l'Absa-Ranch au Bois de Gand (39) ,Gand,39,4,8
Séjour gourmand à L'arbrassouss à Usclades-et-Rieutord (07) ,Usclades-et-Rieutord,07,5,4
Séjour gourmand pour 2 au Relais du Colombier à Marchampt (69) ,Marchampt,69,4,28
Séjour gourmand à La Petite Bergerie à La Chapelle d'Abondance (74) ,d'Abondance,74,n.a.,0
Séjour gourmand pour 2 au Mas de Recaute à Lauris (84) ,Lauris,84,3,21
Séjour gourmand pour 2 à L’Oustaou des Moulières à L'Épine (05) ,L'Épine,05,4,12
Séjour gourmand pour 2 au Petit Bernerot à Eauze (32) ,Eauze,32,n.a.,0
Séjour Gourmand pour 2 aux Brunis à Nègrepelisse (82) ,Nègrepelisse,82,4,17
Séjour gourmand en cabane pour 2 chez Un Air de Cabane à Dénezé-sous-Doué (49) ,Dénezé-sous-Doué,49,4,8
Nuit sous yourte pour 2 chez Traits'Anes à Mitzach (68) ,Mitzach,68,2,7
Séjour gourmand sous yourte pour 2 au Camping Le Reclus à Seez (73) ,Seez,73,3,4
Séjour Gourmand pour 2 au Mas Fontanes à Oms (66) ,Oms,66,4,12
Séjour gourmand pour 2 à La Bastide à Colombies (12) ,Colombies,12,4,26
Séjour gourmand pour 2 au Domaine Pédelaborde à Poey-d'Oloron (64) ,Poey-d'Oloron,64,4,32
Séjour gourmand en cabane au camping de l'Auberge à Mostuéjouls (12) ,Mostuéjouls,12,2,4
Séjour Gourmand pour 2 à Mas Lou Prat au Collet-de-Dèze (48) ,Collet-de-Dèze,48,4,10
Séjour gourmand pour 2 au Mas Labrugade à Lebreil-Montcuq (46) ,Lebreil-Montcuq,46,4,14
Séjour en kerterre pour 2 au Moulin de Coyac à Sanssac-L'Église (43) ,Sanssac-L'Église,43,n.a.,0
Séjour gourmand pour 2 à l'Oasis Bellecombe à La Motte-Chalancon (26) ,Motte-Chalancon,26,n.a.,0
Séjour gourmand à La Vigotte à Girmont-Val-D'Ajol (88) ,Girmont-Val-D'Ajol,88,4,6
Séjour gourmand en yourte pour 2 au Moulin de Coyac (43) ,Coyac,43,n.a.,0
Séjour Gourmand pour 2 aux Pampres à Sury-en-Vaux (18) ,Sury-en-Vaux,18,4,21
Séjour gourmand pour 2 chez Entre Nous** à Rozoy-sur-Serre (02) ,Rozoy-sur-Serre,02,4,4
Séjour gourmand pour 2 au Village Insolite à Saint-Benoît-des-Ondes (35) ,Saint-Benoît-des-Ondes,35,4,79
Séjour gourmand pour 2 à La Bohème à Zutkerque (62) ,Zutkerque,62,2,4
Séjour gourmand en tipi pour 2 à Lou Prada à Preneron (32) ,Preneron,32,4,4
Séjour Gourmand pour 2 La Paretie au Pescher (19) ,Pescher,19,4,74
Séjour gourmand à L'Anjubauderie à Valanjou (49) ,Valanjou,49,4,4
Séjour Gourmand pour 2 aux Chambres d’Hôtes Pailhères à Esperaza (11) ,Esperaza,11,n.a.,0
Séjour gourmand sous yourte pour 2 à la Ferme de la Fournette à Rians (83) ,Rians,83,4,4
Séjour gourmand pour 2 au gîte Le Filet d’Eau à Poligny (05) ,Poligny,05,4,12
Séjour gourmand pour 2 à la Tournevraye à Cintray (27) ,Cintray,27,n.a.,0
Séjour gourmand pour 2 au Domaine de Kerouannec à Guilligomarc'h (29) ,Guilligomarc'h,29,4,2
Séjour en roulotte à 2 au Domaine de la Dombes à St-Paul-de-Varax (01) ,St-Paul-de-Varax,01,5,6
Séjour gourmand pour 2 en roulotte à la Ferme Auberge de la Ville Suzanne à St-Donan (22) ,St-Donan,22,4,48
Séjour pour 2 au Chanelou à La Piarre (05) ,Piarre,05,4,24
Séjour gourmand pour 2 Chambres d’hôtes Beffoux à Coron (49) ,Coron,49,4,16
Séjour en roulotte pour 2 au Camping de l'Étang à Guérande (44) ,Guérande,44,2,6
Séjour gourmand pour 2 au Logis de l’Oie à Naours (80) ,Naours,80,4,16
Séjour pour 2 aux Ondines du Sundgau à Mertzen (68) ,Mertzen,68,4,8
Séjour gourmand pour 2 à Beausoleil à Corseul (22) ,Corseul,22,4,14
Séjour gourmand pour 2 aux Camélias au Tatre (16) ,Tatre,16,4,6
Séjour gourmand pour 2 au Domaine de Kerouannec à Guilligomarc'h (29) ,Guilligomarc'h,29,2,2
Séjour gourmand pour 2 à La Grange au Bourg (42) ,Bourg,42,4,14
Séjour gourmand pour 2 au Chèvre-Feuille à Anglars-Saint-Félix (12) ,Anglars-Saint-Félix,12,n.a.,0
Séjour pour 2 au Campanile Saint-Malo*** à Saint-Jouan-des-Guerets (35) ,Saint-Jouan-des-Guerets,35,3,20
Séjour gourmand pour 2 aux tipis de Bayot à Cornille (24) ,Cornille,24,2,2
Séjour sous yourte à l'Esprit du Nord à Vassieux-en-Vercors (26) ,Vassieux-en-Vercors,26,5,4
Séjour gourmand pour 2 au Logis des Arts à Nervieux (42) ,Nervieux,42,n.a.,0
Séjour gourmand pour 2 à La Cabourne à Saint-Privat-d'Allier (43) ,Saint-Privat-d'Allier,43,3,4
Séjour Gourmand pour 2 à La Besace à Lalobbe (08) ,Lalobbe,08,4,22
Séjour gourmand pour 2 à Lou Prada à Preneron (32) ,Preneron,32,n.a.,0
Séjour gourmand pour 2 à Herminig à Saint-Tugdual (56) ,Saint-Tugdual,56,5,6
Séjour gourmand pour 2 à La Clé d'Or à Servian (34) ,Servian,34,4,9
Séjour aux Chambres d'hôtes de Samalens à Saint-Pierre-d'Aubézies (32) ,Saint-Pierre-d'Aubézies,32,n.a.,0
Séjour gourmand pour 2 au Hameau aux Escargots à Bernon (10) ,Bernon,10,3,11
Séjour gourmand pour 2 au Mas de la Pommeraie à Saint-Géry (46) ,Saint-Géry,46,4,34
Séjour gourmand pour 2 à la Raymondière à Vernoux-en-Gâtine (79) ,Vernoux-en-Gâtine,79,5,4
Séjour gourmand pour 2 à La Simpolière au Beugnon (79) ,Beugnon,79,5,5
Séjour gourmand pour 2 à La Ferme de Montigny à Asnières en Bessin (14) ,Bessin,14,4,26
Séjour gourmand pour 2 à La Ferme de Bizoin à Merleac (22) ,Merleac,22,3,8
Séjour gourmand pour 2 à La Ferme des Vales à St-Maurice-Les-Gussainville (55) ,St-Maurice-Les-Gussainville,55,4,12
Séjour en maison d'hôtes à L'escapade Charente à Sainte-Sévère (16) ,Sainte-Sévère,16,4,52
Séjour pour 2 à La Ferme des Coucous à La Favière (39) ,Favière,39,3,14
Séjour gourmand pour 2 dans Le Clos Fleuri à Champagney (70) ,Champagney,70,4,10
Séjour gourmand pour 2 au Moulin du Pont à Saint-Bonnet-de-Salers (15) ,Saint-Bonnet-de-Salers,15,4,32
Séjour gourmand pour 2 à l'Hôtel Cartier à Quillan (11) ,Quillan,11,4,5
Séjour gourmand pour 2 à La Marvalière à Choisy-en-Brie (77) ,Choisy-en-Brie,77,3,8
Séjour gourmand pour 2 à Sous les Tilleuls à Fléac (16) ,Fléac,16,4,46
Séjour en tente pour 2 avec Les Ânes de Forcalquier (04) ,Forcalquier,04,5,2
Séjour gourmand pour 2 à La Boissière de Ayen (19) ,Ayen,19,4,14
Séjour gourmand pour 2 aux Escures en Corrèze (19) ,Corrèze,19,4,12
Séjour gourmand pour 2 chez Gîtes et Cuisine d'Antan à Saint-Vincent-Lespinasse (82) ,Saint-Vincent-Lespinasse,82,4,10
Séjour gourmand pour 2 à La Bleue d’Hôterive à Hauterives (26) ,Hauterives,26,n.a.,0
Séjour aveyronnais pour deux au Domaine la Mouline à Fondamente (12) ,Fondamente,12,3,8
Séjour gourmand en chambre d'hôtes aux Chenets à Chenay (79) ,Chenay,79,4,22
Séjour gourmand pour 2 au Domaine du Bouygues à Salvagnac-Cajarc (12) ,Salvagnac-Cajarc,12,4,48
Séjour Gourmand pour 2 au Manoir du Plessix à Coesmes (35) ,Coesmes,35,4,34
Nuit insolite sous yourte pour 2 à Lou Prada à Preneron (32) ,Preneron,32,n.a.,0
Séjour gourmand pour 2 à La Colline aux Fustes à Meurville (10) ,Meurville,10,4,19
"Séjour pour 2 aux Yourtes de la Vallée de l'Ance, Puy-de-Dôme (63) ",Puy-de-Dôme,63,n.a.,0
Séjour gourmand en yourte pour 2 chez Mer et yourtes à Plouenan (29) ,Plouenan,29,2,4
Séjour pour deux en éco-lodge aux Jardins de Koantiz à Masserac (44) ,Masserac,44,3,4
Séjour gourmand pour 2 aux Naturelles Insolites à Pronleroy (60) ,Pronleroy,60,4,4
Nuit pour 2 en chambre d'hôtes à la Vieille Écluse à Quend (80) ,Quend,80,4,23
Séjour gourmand pour 2 à La Loutinière à Sourdun (77) ,Sourdun,77,4,26
Nuit pour 2 dans La Roulotte du Col d'Auterre à Matour (71) ,Matour,71,5,2
Séjour gourmand pour 2 au Peyrugal à Sainte-Gemme (81) ,Sainte-Gemme,81,3,22
Séjour gourmand pour 2 à l'Auberge de l'Isard à Saint-Lary (09) ,Saint-Lary,09,4,6
Séjour insolite gourmand aux Tipis de Cantalès à Saint-Gérons (15) ,Saint-Gérons,15,4,12
Séjour en roulotte aux Ânes de Vassivière à Peyrat-le-Château (87) ,Peyrat-le-Château,87,5,4
Séjour gourmand pour 2 à l'Oasis Bellecombe à La Motte-Chalancon (26) ,Motte-Chalancon,26,4,6
Séjour Gourmand pour 2 à Izel-Vor à Plouezec (22) ,Plouezec,22,4,32
Séjour gourmand pour 2 aux Tourmarniotes à Tours-sur-Marne (51) ,Tours-sur-Marne,51,4,14
Séjour gourmand pour 2 au Clos Jamac à Senez (04) ,Senez,04,n.a.,0
Séjour gourmand pour 2 à La Petite Étoile en Mercantour (06) ,Mercantour,06,3,7
Séjour Gourmand pour 2 chez Thérèse Leclercq à Fresnay-sur-Sarthe (72) ,Fresnay-sur-Sarthe,72,4,9
Séjour gourmand pour 2 à La Bourbelle à Neufmoutiers-en-Brie (77) ,Neufmoutiers-en-Brie,77,4,5
Séjour Gourmand à 2 en Bretagne à Maisonneuve à Noyal-Muzillac (56) ,Noyal-Muzillac,56,4,12
Séjour gourmand pour 2 à La Maillade à Bourriot-Bergonce (40) ,Bourriot-Bergonce,40,4,12
Séjour gourmand pour 2 à Via Domitia à Salses-le-Château (66) ,Salses-le-Château,66,4,2
Séjour Gourmand pour 2 à La Citadelle d’Hututu à Haut-Lieu (59) ,Haut-Lieu,59,4,6
Séjour gourmand à l'ArtCamping Plateau des Chasses à Mandelieu (06) ,Mandelieu,06,1,2
Séjour gourmand pour 2 au Domaine des Collinauds à Lignières-Sonneville (16) ,Lignières-Sonneville,16,4,4
Séjour gourmand pour 2 chez À l'Ombre des Chênes à Orgueil (82) ,Orgueil,82,4,14
Séjour Gourmand pour 2 au Grenier d'Ernestine à Bréal-sous-Montfort (35) ,Bréal-sous-Montfort,35,4,10
Séjour gourmand pour 2 à l'Oasis Bellecombe à La Motte-Chalancon (26) ,Motte-Chalancon,26,n.a.,0
Séjour pour 2 à l'Hôtel La Châtelleraie à Saint-Étienne-de-Maurs (15) ,Saint-Étienne-de-Maurs,15,4,6
Séjour pour 2 à l'hôtel*** Le Musée de l'Eau à Pont-en-Royans (38) ,Pont-en-Royans,38,4,22
Séjour gourmand pour 2 au Paradis de Cathy à Brignac-la-Plaine (19) ,Brignac-la-Plaine,19,4,27
Séjour gourmand pour 2 aux Chambres d’hôtes Ursule de Paon à Ecquedecques (62) ,Ecquedecques,62,4,30
Séjour gourmand pour 2 au Domaine du Vern à Saint-Affrique (12) ,Saint-Affrique,12,4,8
Séjour gourmand en pod à La Maison de l'Omignon à Vermand (02) ,Vermand,02,4,20
Séjour gourmand en roulotte pour 2 au Camping Le Reclus à Seez (73) ,Seez,73,4,6
Séjour gourmand pour 2 au Ranch Don Diego à Champ de Harre (Luxembourg) ,Harre,n.a.,n.a.,0
Séjour gourmand pour 2 sous yourte à la Ferme des Épis à Ouffières (14) ,Ouffières,14,3,48
Séjour gourmand pour 2 aux Volets Bleus à Les Authieux-Papion (14) ,Authieux-Papion,14,5,2
Séjour gourmand pour 2 au Clos Varien à Dingé (35) ,Dingé,35,2,4
Séjour gourmand pour 2 à Ty Mylène à La-Grée-Saint-Laurent (56) ,La-Grée-Saint-Laurent,56,3,12
Séjour Gourmand pour 2 Le Champsonnet à Cattenom-Senztzich (57) ,Cattenom-Senztzich,57,1,2
